source_url,title,type_slug,group_label,target_filename,category_slug,product_slug,model_code,notes
https://www.idemaclima.it/wp-content/uploads/C-CATALOGO-CAC-V8-2026.pdf,Catalogo VRF V8 2026,altro,Cataloghi,C-CATALOGO-CAC-V8-2026.pdf,,,,Censimento sito storico 2026-08-26; aggiornamento rispetto al riferimento 2025
https://www.idemaclima.it/wp-content/uploads/MODULO-RICHIESTA-PLENUM-2022.pdf,Modulo richiesta plenum 2022,altro,Distribuzione aria,MODULO-RICHIESTA-PLENUM-2022.pdf,distribuzione-aria,modulo-richiesta-plenum,,Censimento sito storico 2026-08-26
https://www.idemaclima.it/wp-content/uploads/schede/FC_ACC_FCUKZ-01-02.pdf,Documentazione accessorio FCUKZ-01-02,manuale-uso,Accessori e comandi,FC_ACC_FCUKZ-01-02.pdf,linea-idronica-terminali-idronici,fcukz-01-02,,Censimento sito storico 2026-08-26
https://www.idemaclima.it/wp-content/uploads/schede/FC_ACC_FCUKZ-03-04.pdf,Documentazione accessorio FCUKZ-03-04,manuale-uso,Accessori e comandi,FC_ACC_FCUKZ-03-04.pdf,linea-idronica-terminali-idronici,fcukz-03-04,,Censimento sito storico 2026-08-26
https://www.idemaclima.it/wp-content/uploads/schede/FC_ACC_KJR-12B-DP-T-E.pdf,Documentazione accessorio KJR-12B/DP(T)-E,manuale-uso,Accessori e comandi,FC_ACC_KJR-12B-DP-T-E.pdf,linea-idronica-terminali-idronici,kjr-12b-dp-t-e,,Censimento sito storico 2026-08-26
https://www.idemaclima.it/wp-content/uploads/schede/FC_ACC_KJR-18B-E.pdf,Documentazione accessorio KJR-18B-E,manuale-uso,Accessori e comandi,FC_ACC_KJR-18B-E.pdf,linea-idronica-terminali-idronici,kjr-18b-e,,Censimento sito storico 2026-08-26
https://www.idemaclima.it/wp-content/uploads/schede/FC_ACC_KJR-21B-D.pdf,Documentazione accessorio KJR-21B-D,manuale-uso,Accessori e comandi,FC_ACC_KJR-21B-D.pdf,linea-idronica-terminali-idronici,kjr-21b-d,,Censimento sito storico 2026-08-26
https://www.idemaclima.it/wp-content/uploads/schede/FC_ACC_KJRP-75A-BK-E.pdf,Documentazione accessorio KJRP-75A-BK-E,manuale-uso,Accessori e comandi,FC_ACC_KJRP-75A-BK-E.pdf,linea-idronica-terminali-idronici,kjrp-75a-bk-e,,Censimento sito storico 2026-08-26
https://www.idemaclima.it/wp-content/uploads/schede/FC_ACC_KJRP-86A1-E.pdf,Documentazione accessorio KJRP-86A1-E,manuale-uso,Accessori e comandi,FC_ACC_KJRP-86A1-E.pdf,linea-idronica-terminali-idronici,kjrp-86a1-e,,Censimento sito storico 2026-08-26
https://www.idemaclima.it/wp-content/uploads/schede/FC_ACC_KJRP-86I-MFK-E_KJRP-86A-BMFNKD-E.pdf,Documentazione accessori KJRP-86I/MFK-E e KJRP-86A/BMFNKD-E,manuale-uso,Accessori e comandi,FC_ACC_KJRP-86I-MFK-E_KJRP-86A-BMFNKD-E.pdf,linea-idronica-terminali-idronici,kjrp-86i-mfk-e;kjrp-86a-bmfnkd-e,,Censimento sito storico 2026-08-26
https://www.idemaclima.it/wp-content/uploads/schede/FC_ACC_NIM-01.pdf,Documentazione accessorio NIM-01,manuale-uso,Accessori e comandi,FC_ACC_NIM-01.pdf,linea-idronica-terminali-idronici,nim01,,Censimento sito storico 2026-08-26
https://www.idemaclima.it/wp-content/uploads/schede/FC_ACC_R51-E.pdf,Documentazione accessorio R51-E,manuale-uso,Accessori e comandi,FC_ACC_R51-E.pdf,linea-idronica-terminali-idronici,r51-e,,Censimento sito storico 2026-08-26
https://www.idemaclima.it/wp-content/uploads/schede/FC_ACC_RM05-BG-T-E-A.pdf,Documentazione accessorio RM05/BG(T)E-A,manuale-uso,Accessori e comandi,FC_ACC_RM05-BG-T-E-A.pdf,linea-idronica-terminali-idronici,rm05-bg-t-e-a,,Censimento sito storico 2026-08-26
https://www.idemaclima.it/wp-content/uploads/schede/FC_ACC_VITRO-CONTROL.pdf,Documentazione accessorio VITRO-CONTROL,manuale-uso,Accessori e comandi,FC_ACC_VITRO-CONTROL.pdf,linea-idronica-terminali-idronici,vitro-control,,Censimento sito storico 2026-08-26
https://www.idemaclima.it/wp-content/uploads/schede/FC_UI_CANALIZZABILE_IMK-CBS.pdf,Scheda tecnica CANALIZZABILE IMK-CBS,scheda-tecnica,Schede tecniche,FC_UI_CANALIZZABILE_IMK-CBS.pdf,linea-idronica-terminali-idronici,imk-cbs,,Censimento sito storico 2026-08-26
https://www.idemaclima.it/wp-content/uploads/schede/FC_UI_CANALIZZABILE_IMKT-V.pdf,Scheda tecnica CANALIZZABILE IMKT-V,scheda-tecnica,Schede tecniche,FC_UI_CANALIZZABILE_IMKT-V.pdf,linea-idronica-terminali-idronici,imkt-v,,Censimento sito storico 2026-08-26
https://www.idemaclima.it/wp-content/uploads/schede/FC_UI_CASSETTA_600X600_IMKD-V.pdf,Scheda tecnica CASSETTA 600X600 IMKD-V,scheda-tecnica,Schede tecniche,FC_UI_CASSETTA_600X600_IMKD-V.pdf,linea-idronica-terminali-idronici,imkd-v,,Censimento sito storico 2026-08-26
https://www.idemaclima.it/wp-content/uploads/schede/FC_UI_CASSETTA_840X840_IMKA-V.pdf,Scheda tecnica CASSETTA 840X840 IMKA-V,scheda-tecnica,Schede tecniche,FC_UI_CASSETTA_840X840_IMKA-V.pdf,linea-idronica-terminali-idronici,imka-v,,Censimento sito storico 2026-08-26
https://www.idemaclima.it/wp-content/uploads/schede/FC_UI_PARETE_IMKG-V-B.pdf,Scheda tecnica PARETE IMKG-V-B,scheda-tecnica,Schede tecniche,FC_UI_PARETE_IMKG-V-B.pdf,linea-idronica-terminali-idronici,imkg-v,,Censimento sito storico 2026-08-26
https://www.idemaclima.it/wp-content/uploads/schede/FC_UI_PARETE_IMKG-V-C.pdf,Scheda tecnica PARETE IMKG-V-C,scheda-tecnica,Schede tecniche,FC_UI_PARETE_IMKG-V-C.pdf,linea-idronica-terminali-idronici,imkg-v,,Censimento sito storico 2026-08-26
https://www.idemaclima.it/wp-content/uploads/schede/FC_UI_SOFFITTO-PAVIMENTO_IMKH2-V.pdf,Scheda tecnica SOFFITTO-PAVIMENTO IMKH2-V,scheda-tecnica,Schede tecniche,FC_UI_SOFFITTO-PAVIMENTO_IMKH2-V.pdf,linea-idronica-terminali-idronici,imkh2-v,,Censimento sito storico 2026-08-26
https://www.idemaclima.it/wp-content/uploads/schede/FC_UI_VITRO-IFS.pdf,Scheda tecnica VITRO-IFS,scheda-tecnica,Schede tecniche,FC_UI_VITRO-IFS.pdf,linea-idronica-terminali-idronici,ifs,,Censimento sito storico 2026-08-26
https://www.idemaclima.it/wp-content/uploads/schede/FC_UI_VITRO-IHW.pdf,Scheda tecnica VITRO-IHW,scheda-tecnica,Schede tecniche,FC_UI_VITRO-IHW.pdf,linea-idronica-terminali-idronici,ihw,,Censimento sito storico 2026-08-26
https://www.idemaclima.it/wp-content/uploads/schede/IM-UM_FC_UI_CANALIZZABILE_IMK-CBS.pdf,Manuale installazione e uso IMK-CBS,manuale-installazione,Manuali,IM-UM_FC_UI_CANALIZZABILE_IMK-CBS.pdf,linea-idronica-terminali-idronici,imk-cbs,,Censimento sito storico 2026-08-26
https://www.idemaclima.it/wp-content/uploads/schede/IM-UM_FC_UI_CANALIZZABILE_IMKT-V.pdf,Manuale installazione e uso IMKT-V,manuale-installazione,Manuali,IM-UM_FC_UI_CANALIZZABILE_IMKT-V.pdf,linea-idronica-terminali-idronici,imkt-v,,Censimento sito storico 2026-08-26
https://www.idemaclima.it/wp-content/uploads/schede/IM-UM_FC_UI_CASSETTA_600X600_IMKD-V.pdf,Manuale installazione e uso IMKD-V,manuale-installazione,Manuali,IM-UM_FC_UI_CASSETTA_600X600_IMKD-V.pdf,linea-idronica-terminali-idronici,imkd-v,,Censimento sito storico 2026-08-26
https://www.idemaclima.it/wp-content/uploads/schede/IM-UM_FC_UI_CASSETTA_840X840_IMKA-V.pdf,Manuale installazione e uso IMKA-V,manuale-installazione,Manuali,IM-UM_FC_UI_CASSETTA_840X840_IMKA-V.pdf,linea-idronica-terminali-idronici,imka-v,,Censimento sito storico 2026-08-26
https://www.idemaclima.it/wp-content/uploads/schede/IM-UM_FC_UI_CONSOLE_IMKH2-V.pdf,Manuale installazione e uso IMKH2-V,manuale-installazione,Manuali,IM-UM_FC_UI_CONSOLE_IMKH2-V.pdf,linea-idronica-terminali-idronici,imkh2-v,,Censimento sito storico 2026-08-26
https://www.idemaclima.it/wp-content/uploads/schede/IM-UM_FC_UI_PARETE_IMKG-V.pdf,Manuale installazione e uso IMKG-V,manuale-installazione,Manuali,IM-UM_FC_UI_PARETE_IMKG-V.pdf,linea-idronica-terminali-idronici,imkg-v,,Censimento sito storico 2026-08-26
https://www.idemaclima.it/wp-content/uploads/schede/PA_UI_IMK-CBS.pdf,Prestazioni IMK-CBS,altro,Prestazioni,PA_UI_IMK-CBS.pdf,linea-idronica-terminali-idronici,imk-cbs,,Censimento sito storico 2026-08-26
https://www.idemaclima.it/wp-content/uploads/schede/PA_UI_IMKT-V.pdf,Prestazioni IMKT-V,altro,Prestazioni,PA_UI_IMKT-V.pdf,linea-idronica-terminali-idronici,imkt-v,,Censimento sito storico 2026-08-26
https://www.idemaclima.it/wp-content/uploads/schede/TAB_UI_IMK-CBS.pdf,Tabella rese IMK-CBS,tabella-rese,Tabelle rese,TAB_UI_IMK-CBS.pdf,linea-idronica-terminali-idronici,imk-cbs,,Censimento sito storico 2026-08-26
https://www.idemaclima.it/wp-content/uploads/schede/TAB_UI_IMKA-V1200R.pdf,Tabella rese IMKA-V1200R,tabella-rese,Tabelle rese,TAB_UI_IMKA-V1200R.pdf,linea-idronica-terminali-idronici,imka-v,IMKA-V1200R,Censimento sito storico 2026-08-26
https://www.idemaclima.it/wp-content/uploads/schede/TAB_UI_IMKA-V1500R.pdf,Tabella rese IMKA-V1500R,tabella-rese,Tabelle rese,TAB_UI_IMKA-V1500R.pdf,linea-idronica-terminali-idronici,imka-v,IMKA-V1500R,Censimento sito storico 2026-08-26
https://www.idemaclima.it/wp-content/uploads/schede/TAB_UI_IMKA-V600R.pdf,Tabella rese IMKA-V600R,tabella-rese,Tabelle rese,TAB_UI_IMKA-V600R.pdf,linea-idronica-terminali-idronici,imka-v,IMKA-V600R,Censimento sito storico 2026-08-26
https://www.idemaclima.it/wp-content/uploads/schede/TAB_UI_IMKA-V750R.pdf,Tabella rese IMKA-V750R,tabella-rese,Tabelle rese,TAB_UI_IMKA-V750R.pdf,linea-idronica-terminali-idronici,imka-v,IMKA-V750R,Censimento sito storico 2026-08-26
https://www.idemaclima.it/wp-content/uploads/schede/TAB_UI_IMKA-V850R.pdf,Tabella rese IMKA-V850R,tabella-rese,Tabelle rese,TAB_UI_IMKA-V850R.pdf,linea-idronica-terminali-idronici,imka-v,IMKA-V850R,Censimento sito storico 2026-08-26
https://www.idemaclima.it/wp-content/uploads/schede/TAB_UI_IMKA-V950R.pdf,Tabella rese IMKA-V950R,tabella-rese,Tabelle rese,TAB_UI_IMKA-V950R.pdf,linea-idronica-terminali-idronici,imka-v,IMKA-V950R,Censimento sito storico 2026-08-26
https://www.idemaclima.it/wp-content/uploads/schede/TAB_UI_IMKD-V300.pdf,Tabella rese IMKD-V300,tabella-rese,Tabelle rese,TAB_UI_IMKD-V300.pdf,linea-idronica-terminali-idronici,imkd-v,IMKD-V300,Censimento sito storico 2026-08-26
https://www.idemaclima.it/wp-content/uploads/schede/TAB_UI_IMKD-V400.pdf,Tabella rese IMKD-V400,tabella-rese,Tabelle rese,TAB_UI_IMKD-V400.pdf,linea-idronica-terminali-idronici,imkd-v,IMKD-V400,Censimento sito storico 2026-08-26
https://www.idemaclima.it/wp-content/uploads/schede/TAB_UI_IMKD-V500.pdf,Tabella rese IMKD-V500,tabella-rese,Tabelle rese,TAB_UI_IMKD-V500.pdf,linea-idronica-terminali-idronici,imkd-v,IMKD-V500,Censimento sito storico 2026-08-26
https://www.idemaclima.it/wp-content/uploads/schede/TAB_UI_IMKG-V250B.pdf,Tabella rese IMKG-V250B,tabella-rese,Tabelle rese,TAB_UI_IMKG-V250B.pdf,linea-idronica-terminali-idronici,imkg-v,IMKG-V250B,Censimento sito storico 2026-08-26
https://www.idemaclima.it/wp-content/uploads/schede/TAB_UI_IMKG-V300B.pdf,Tabella rese IMKG-V300B,tabella-rese,Tabelle rese,TAB_UI_IMKG-V300B.pdf,linea-idronica-terminali-idronici,imkg-v,IMKG-V300B,Censimento sito storico 2026-08-26
https://www.idemaclima.it/wp-content/uploads/schede/TAB_UI_IMKG-V300C.pdf,Tabella rese IMKG-V300C,tabella-rese,Tabelle rese,TAB_UI_IMKG-V300C.pdf,linea-idronica-terminali-idronici,imkg-v,IMKG-V300C,Censimento sito storico 2026-08-26
https://www.idemaclima.it/wp-content/uploads/schede/TAB_UI_IMKG-V400B.pdf,Tabella rese IMKG-V400B,tabella-rese,Tabelle rese,TAB_UI_IMKG-V400B.pdf,linea-idronica-terminali-idronici,imkg-v,IMKG-V400B,Censimento sito storico 2026-08-26
https://www.idemaclima.it/wp-content/uploads/schede/TAB_UI_IMKG-V400C.pdf,Tabella rese IMKG-V400C,tabella-rese,Tabelle rese,TAB_UI_IMKG-V400C.pdf,linea-idronica-terminali-idronici,imkg-v,IMKG-V400C,Censimento sito storico 2026-08-26
https://www.idemaclima.it/wp-content/uploads/schede/TAB_UI_IMKG-V500B.pdf,Tabella rese IMKG-V500B,tabella-rese,Tabelle rese,TAB_UI_IMKG-V500B.pdf,linea-idronica-terminali-idronici,imkg-v,IMKG-V500B,Censimento sito storico 2026-08-26
https://www.idemaclima.it/wp-content/uploads/schede/TAB_UI_IMKG-V600B.pdf,Tabella rese IMKG-V600B,tabella-rese,Tabelle rese,TAB_UI_IMKG-V600B.pdf,linea-idronica-terminali-idronici,imkg-v,IMKG-V600B,Censimento sito storico 2026-08-26
https://www.idemaclima.it/wp-content/uploads/schede/TAB_UI_IMKG-V600C.pdf,Tabella rese IMKG-V600C,tabella-rese,Tabelle rese,TAB_UI_IMKG-V600C.pdf,linea-idronica-terminali-idronici,imkg-v,IMKG-V600C,Censimento sito storico 2026-08-26
https://www.idemaclima.it/wp-content/uploads/schede/TAB_UI_IMKH2-V150-R3.pdf,Tabella rese IMKH2-V150-R3,tabella-rese,Tabelle rese,TAB_UI_IMKH2-V150-R3.pdf,linea-idronica-terminali-idronici,imkh2-v,IMKH2-V150-R3,Censimento sito storico 2026-08-26
https://www.idemaclima.it/wp-content/uploads/schede/TAB_UI_IMKH2-V250-R3.pdf,Tabella rese IMKH2-V250-R3,tabella-rese,Tabelle rese,TAB_UI_IMKH2-V250-R3.pdf,linea-idronica-terminali-idronici,imkh2-v,IMKH2-V250-R3,Censimento sito storico 2026-08-26
https://www.idemaclima.it/wp-content/uploads/schede/TAB_UI_IMKH2-V350-R3.pdf,Tabella rese IMKH2-V350-R3,tabella-rese,Tabelle rese,TAB_UI_IMKH2-V350-R3.pdf,linea-idronica-terminali-idronici,imkh2-v,IMKH2-V350-R3,Censimento sito storico 2026-08-26
https://www.idemaclima.it/wp-content/uploads/schede/TAB_UI_IMKH2-V500-R3.pdf,Tabella rese IMKH2-V500-R3,tabella-rese,Tabelle rese,TAB_UI_IMKH2-V500-R3.pdf,linea-idronica-terminali-idronici,imkh2-v,IMKH2-V500-R3,Censimento sito storico 2026-08-26
https://www.idemaclima.it/wp-content/uploads/schede/TAB_UI_IMKH2-V700-R3.pdf,Tabella rese IMKH2-V700-R3,tabella-rese,Tabelle rese,TAB_UI_IMKH2-V700-R3.pdf,linea-idronica-terminali-idronici,imkh2-v,IMKH2-V700-R3,Censimento sito storico 2026-08-26
https://www.idemaclima.it/wp-content/uploads/schede/TAB_UI_IMKH2-V800-R3.pdf,Tabella rese IMKH2-V800-R3,tabella-rese,Tabelle rese,TAB_UI_IMKH2-V800-R3.pdf,linea-idronica-terminali-idronici,imkh2-v,IMKH2-V800-R3,Censimento sito storico 2026-08-26
https://www.idemaclima.it/wp-content/uploads/schede/TAB_UI_IMKT2-V.pdf,Tabella rese IMKT2-V,tabella-rese,Tabelle rese,TAB_UI_IMKT2-V.pdf,linea-idronica-terminali-idronici,imkt-v,IMKT2-V,Censimento sito storico 2026-08-26
https://www.idemaclima.it/wp-content/uploads/schede/TAB_UI_IMKT3-V.pdf,Tabella rese IMKT3-V,tabella-rese,Tabelle rese,TAB_UI_IMKT3-V.pdf,linea-idronica-terminali-idronici,imkt-v,IMKT3-V,Censimento sito storico 2026-08-26
