source_url,filename,category
https://www.idemaclima.it/wp-content/uploads/C-CATALOGO-CAC-V8-2026.pdf,C-CATALOGO-CAC-V8-2026.pdf,catalog
https://www.idemaclima.it/wp-content/uploads/COMPONENTI-DISTRIBUZIONE-ARIA-2022.pdf,COMPONENTI-DISTRIBUZIONE-ARIA-2022.pdf,air_distribution
https://www.idemaclima.it/wp-content/uploads/schede/DICH-CONF-CE-COMANDI-REMOTI.pdf,DICH-CONF-CE-COMANDI-REMOTI.pdf,ce
https://www.idemaclima.it/wp-content/uploads/schede/DICH-CONF-CE-LINEA-COMMERCIALE.pdf,DICH-CONF-CE-LINEA-COMMERCIALE.pdf,ce
https://www.idemaclima.it/wp-content/uploads/schede/DICH-CONF-CE-LINEA-RESIDENZIALE-WTZ-MWTZ.pdf,DICH-CONF-CE-LINEA-RESIDENZIALE-WTZ-MWTZ.pdf,ce
https://www.idemaclima.it/wp-content/uploads/schede/DICH-CONF-CE-LINEA-RESIDENZIALE.pdf,DICH-CONF-CE-LINEA-RESIDENZIALE.pdf,ce
https://www.idemaclima.it/wp-content/uploads/schede/DICH-CONF-CE-LINEA-VRF.pdf,DICH-CONF-CE-LINEA-VRF.pdf,ce
https://www.idemaclima.it/wp-content/uploads/schede/DICH-CONF-CE-PDC-MONOBLOCCO-IGC-IHC-IHR.pdf,DICH-CONF-CE-PDC-MONOBLOCCO-IGC-IHC-IHR.pdf,ce
https://www.idemaclima.it/wp-content/uploads/schede/DICH-CONF-CE-RECUPERATORI-IDHR.pdf,DICH-CONF-CE-RECUPERATORI-IDHR.pdf,ce
https://www.idemaclima.it/wp-content/uploads/schede/DICH-CONF-CE-SCALDACQUA-ACS-SOL.pdf,DICH-CONF-CE-SCALDACQUA-ACS-SOL.pdf,ce
https://www.idemaclima.it/wp-content/uploads/schede/FC_ACC_FCUKZ-01-02.pdf,FC_ACC_FCUKZ-01-02.pdf,hydronic_fancoil
https://www.idemaclima.it/wp-content/uploads/schede/FC_ACC_FCUKZ-03-04.pdf,FC_ACC_FCUKZ-03-04.pdf,hydronic_fancoil
https://www.idemaclima.it/wp-content/uploads/schede/FC_ACC_KJR-12B-DP-T-E.pdf,FC_ACC_KJR-12B-DP-T-E.pdf,hydronic_fancoil
https://www.idemaclima.it/wp-content/uploads/schede/FC_ACC_KJR-18B-E.pdf,FC_ACC_KJR-18B-E.pdf,hydronic_fancoil
https://www.idemaclima.it/wp-content/uploads/schede/FC_ACC_KJR-21B-D.pdf,FC_ACC_KJR-21B-D.pdf,hydronic_fancoil
https://www.idemaclima.it/wp-content/uploads/schede/FC_ACC_KJRP-75A-BK-E.pdf,FC_ACC_KJRP-75A-BK-E.pdf,hydronic_fancoil
https://www.idemaclima.it/wp-content/uploads/schede/FC_ACC_KJRP-86A1-E.pdf,FC_ACC_KJRP-86A1-E.pdf,hydronic_fancoil
https://www.idemaclima.it/wp-content/uploads/schede/FC_ACC_KJRP-86I-MFK-E_KJRP-86A-BMFNKD-E.pdf,FC_ACC_KJRP-86I-MFK-E_KJRP-86A-BMFNKD-E.pdf,hydronic_fancoil
https://www.idemaclima.it/wp-content/uploads/schede/FC_ACC_NIM-01.pdf,FC_ACC_NIM-01.pdf,hydronic_fancoil
https://www.idemaclima.it/wp-content/uploads/schede/FC_ACC_R51-E.pdf,FC_ACC_R51-E.pdf,hydronic_fancoil
https://www.idemaclima.it/wp-content/uploads/schede/FC_ACC_RM05-BG-T-E-A.pdf,FC_ACC_RM05-BG-T-E-A.pdf,hydronic_fancoil
https://www.idemaclima.it/wp-content/uploads/schede/FC_ACC_VITRO-CONTROL.pdf,FC_ACC_VITRO-CONTROL.pdf,hydronic_fancoil
https://www.idemaclima.it/wp-content/uploads/schede/FC_UI_CANALIZZABILE_IMK-CBS.pdf,FC_UI_CANALIZZABILE_IMK-CBS.pdf,hydronic_fancoil
https://www.idemaclima.it/wp-content/uploads/schede/FC_UI_CANALIZZABILE_IMKT-V.pdf,FC_UI_CANALIZZABILE_IMKT-V.pdf,hydronic_fancoil
https://www.idemaclima.it/wp-content/uploads/schede/FC_UI_CASSETTA_600X600_IMKD-V.pdf,FC_UI_CASSETTA_600X600_IMKD-V.pdf,hydronic_fancoil
https://www.idemaclima.it/wp-content/uploads/schede/FC_UI_CASSETTA_840X840_IMKA-V.pdf,FC_UI_CASSETTA_840X840_IMKA-V.pdf,hydronic_fancoil
https://www.idemaclima.it/wp-content/uploads/schede/FC_UI_PARETE_IMKG-V-B.pdf,FC_UI_PARETE_IMKG-V-B.pdf,hydronic_fancoil
https://www.idemaclima.it/wp-content/uploads/schede/FC_UI_PARETE_IMKG-V-C.pdf,FC_UI_PARETE_IMKG-V-C.pdf,hydronic_fancoil
https://www.idemaclima.it/wp-content/uploads/schede/FC_UI_SOFFITTO-PAVIMENTO_IMKH2-V.pdf,FC_UI_SOFFITTO-PAVIMENTO_IMKH2-V.pdf,hydronic_fancoil
https://www.idemaclima.it/wp-content/uploads/schede/FC_UI_VITRO-IFS.pdf,FC_UI_VITRO-IFS.pdf,hydronic_fancoil
https://www.idemaclima.it/wp-content/uploads/schede/FC_UI_VITRO-IHW.pdf,FC_UI_VITRO-IHW.pdf,hydronic_fancoil
https://www.idemaclima.it/wp-content/uploads/schede/IM-UM_FC_UI_CANALIZZABILE_IMK-CBS.pdf,IM-UM_FC_UI_CANALIZZABILE_IMK-CBS.pdf,hydronic_fancoil
https://www.idemaclima.it/wp-content/uploads/schede/IM-UM_FC_UI_CANALIZZABILE_IMKT-V.pdf,IM-UM_FC_UI_CANALIZZABILE_IMKT-V.pdf,hydronic_fancoil
https://www.idemaclima.it/wp-content/uploads/schede/IM-UM_FC_UI_CASSETTA_600X600_IMKD-V.pdf,IM-UM_FC_UI_CASSETTA_600X600_IMKD-V.pdf,hydronic_fancoil
https://www.idemaclima.it/wp-content/uploads/schede/IM-UM_FC_UI_CASSETTA_840X840_IMKA-V.pdf,IM-UM_FC_UI_CASSETTA_840X840_IMKA-V.pdf,hydronic_fancoil
https://www.idemaclima.it/wp-content/uploads/schede/IM-UM_FC_UI_CONSOLE_IMKH2-V.pdf,IM-UM_FC_UI_CONSOLE_IMKH2-V.pdf,hydronic_fancoil
https://www.idemaclima.it/wp-content/uploads/schede/IM-UM_FC_UI_PARETE_IMKG-V.pdf,IM-UM_FC_UI_PARETE_IMKG-V.pdf,hydronic_fancoil
https://www.idemaclima.it/wp-content/uploads/MODULO-RICHIESTA-PLENUM-2022.pdf,MODULO-RICHIESTA-PLENUM-2022.pdf,air_distribution
https://www.idemaclima.it/wp-content/uploads/schede/PA_UI_IMK-CBS.pdf,PA_UI_IMK-CBS.pdf,hydronic_fancoil
https://www.idemaclima.it/wp-content/uploads/schede/PA_UI_IMKT-V.pdf,PA_UI_IMKT-V.pdf,hydronic_fancoil
https://www.idemaclima.it/wp-content/uploads/schede/TAB_UI_IMK-CBS.pdf,TAB_UI_IMK-CBS.pdf,hydronic_fancoil
https://www.idemaclima.it/wp-content/uploads/schede/TAB_UI_IMKA-V1200R.pdf,TAB_UI_IMKA-V1200R.pdf,hydronic_fancoil
https://www.idemaclima.it/wp-content/uploads/schede/TAB_UI_IMKA-V1500R.pdf,TAB_UI_IMKA-V1500R.pdf,hydronic_fancoil
https://www.idemaclima.it/wp-content/uploads/schede/TAB_UI_IMKA-V600R.pdf,TAB_UI_IMKA-V600R.pdf,hydronic_fancoil
https://www.idemaclima.it/wp-content/uploads/schede/TAB_UI_IMKA-V750R.pdf,TAB_UI_IMKA-V750R.pdf,hydronic_fancoil
https://www.idemaclima.it/wp-content/uploads/schede/TAB_UI_IMKA-V850R.pdf,TAB_UI_IMKA-V850R.pdf,hydronic_fancoil
https://www.idemaclima.it/wp-content/uploads/schede/TAB_UI_IMKA-V950R.pdf,TAB_UI_IMKA-V950R.pdf,hydronic_fancoil
https://www.idemaclima.it/wp-content/uploads/schede/TAB_UI_IMKD-V300.pdf,TAB_UI_IMKD-V300.pdf,hydronic_fancoil
https://www.idemaclima.it/wp-content/uploads/schede/TAB_UI_IMKD-V400.pdf,TAB_UI_IMKD-V400.pdf,hydronic_fancoil
https://www.idemaclima.it/wp-content/uploads/schede/TAB_UI_IMKD-V500.pdf,TAB_UI_IMKD-V500.pdf,hydronic_fancoil
https://www.idemaclima.it/wp-content/uploads/schede/TAB_UI_IMKG-V250B.pdf,TAB_UI_IMKG-V250B.pdf,hydronic_fancoil
https://www.idemaclima.it/wp-content/uploads/schede/TAB_UI_IMKG-V300B.pdf,TAB_UI_IMKG-V300B.pdf,hydronic_fancoil
https://www.idemaclima.it/wp-content/uploads/schede/TAB_UI_IMKG-V300C.pdf,TAB_UI_IMKG-V300C.pdf,hydronic_fancoil
https://www.idemaclima.it/wp-content/uploads/schede/TAB_UI_IMKG-V400B.pdf,TAB_UI_IMKG-V400B.pdf,hydronic_fancoil
https://www.idemaclima.it/wp-content/uploads/schede/TAB_UI_IMKG-V400C.pdf,TAB_UI_IMKG-V400C.pdf,hydronic_fancoil
https://www.idemaclima.it/wp-content/uploads/schede/TAB_UI_IMKG-V500B.pdf,TAB_UI_IMKG-V500B.pdf,hydronic_fancoil
https://www.idemaclima.it/wp-content/uploads/schede/TAB_UI_IMKG-V600B.pdf,TAB_UI_IMKG-V600B.pdf,hydronic_fancoil
https://www.idemaclima.it/wp-content/uploads/schede/TAB_UI_IMKG-V600C.pdf,TAB_UI_IMKG-V600C.pdf,hydronic_fancoil
https://www.idemaclima.it/wp-content/uploads/schede/TAB_UI_IMKH2-V150-R3.pdf,TAB_UI_IMKH2-V150-R3.pdf,hydronic_fancoil
https://www.idemaclima.it/wp-content/uploads/schede/TAB_UI_IMKH2-V250-R3.pdf,TAB_UI_IMKH2-V250-R3.pdf,hydronic_fancoil
https://www.idemaclima.it/wp-content/uploads/schede/TAB_UI_IMKH2-V350-R3.pdf,TAB_UI_IMKH2-V350-R3.pdf,hydronic_fancoil
https://www.idemaclima.it/wp-content/uploads/schede/TAB_UI_IMKH2-V500-R3.pdf,TAB_UI_IMKH2-V500-R3.pdf,hydronic_fancoil
https://www.idemaclima.it/wp-content/uploads/schede/TAB_UI_IMKH2-V700-R3.pdf,TAB_UI_IMKH2-V700-R3.pdf,hydronic_fancoil
https://www.idemaclima.it/wp-content/uploads/schede/TAB_UI_IMKH2-V800-R3.pdf,TAB_UI_IMKH2-V800-R3.pdf,hydronic_fancoil
https://www.idemaclima.it/wp-content/uploads/schede/TAB_UI_IMKT2-V.pdf,TAB_UI_IMKT2-V.pdf,hydronic_fancoil
https://www.idemaclima.it/wp-content/uploads/schede/TAB_UI_IMKT3-V.pdf,TAB_UI_IMKT3-V.pdf,hydronic_fancoil
